﻿<?xml version="1.0" encoding="utf-8"?>
<!--DO NOT EDIT. This document is generated by PSoC Creator design builds.-->
<PSoCCreatorIdeExport Version="1">
  <Device Part="CY8C4245AXI-483" Processor="CortexM0" DeviceID="4C81193" />
  <Toolchains>
    <Toolchain Name="ARM GCC Generic" Selected="True">
      <Tool Name="prebuild" Command="" Options="" />
      <Tool Name="assembler" Command="arm-none-eabi-as.exe" Options="-mcpu=cortex-m0 -mthumb -I. -IGenerated_Source\PSoC4 -alh=${OutputDir}/${CompileFile}.lst -g" />
      <Tool Name="compiler" Command="arm-none-eabi-gcc.exe" Options="-mcpu=cortex-m0 -mthumb -Wno-main -I. -IGenerated_Source\PSoC4 -Wa,-alh=${OutputDir}/${CompileFile}.lst -g -D DEBUG -Wall -ffunction-sections -O0 -ffat-lto-objects -fno-rtti -fno-exceptions -funsigned-char -funsigned-bitfields -fshort-enums -I./ros_lib" />
      <Tool Name="linker" Command="arm-none-eabi-gcc.exe" Options="-mcpu=cortex-m0 -mthumb -g -ffunction-sections -O0 -ffat-lto-objects -L Generated_Source\PSoC4 -Wl,-Map,${OutputDir}/${ProjectShortName}.map -T Generated_Source\PSoC4\cm0gcc.ld -specs=nano.specs -Wl,--gc-sections" />
      <Tool Name="postbuild" Command="" Options="" />
    </Toolchain>
    <Toolchain Name="ARM MDK Generic" Selected="False">
      <Tool Name="prebuild" Command="" Options="" />
      <Tool Name="assembler" Command="armasm.exe" Options="--cpu=Cortex-M0 --diag_style=gnu --thumb -i. -iGenerated_Source\PSoC4 -g --list=${OutputDir}/${CompileFile}.lst" />
      <Tool Name="compiler" Command="armcc.exe" Options="--cpu=Cortex-M0 --diag_style=gnu --diag_suppress=951 -I. -IGenerated_Source\PSoC4 --list --signed_chars -g -D DEBUG -O0 --split_sections" />
      <Tool Name="linker" Command="armlink.exe" Options="--cpu=Cortex-M0 --diag_style=gnu --no_startup --library_type=microlib --map --list ${OutputDir}/${ProjectShortName}.map --scatter Generated_Source\PSoC4\Cm0RealView.scat" />
      <Tool Name="postbuild" Command="" Options="" />
    </Toolchain>
    <Toolchain Name="ARM IAR Generic" Selected="False">
      <Tool Name="prebuild" Command="" Options="" />
      <Tool Name="assembler" Command="iasmarm.exe" Options="--cpu Cortex-M0 -I. -IGenerated_Source\PSoC4 -s+ -M&lt;&gt; -w+ -r -DDEBUG --fpu None" />
      <Tool Name="compiler" Command="iccarm.exe" Options="--cpu Cortex-M0 -I. -IGenerated_Source\PSoC4 -D DEBUG --no_cse --no_unroll --no_inline --no_code_motion --no_tbaa --no_clustering --no_scheduling --debug --endian=little -e --fpu=None -On --no_wrap_diagnostics" />
      <Tool Name="linker" Command="ilinkarm.exe" Options="--semihosting --entry __iar_program_start --config Generated_Source\PSoC4\Cm0Iar.icf" />
      <Tool Name="postbuild" Command="" Options="" />
    </Toolchain>
  </Toolchains>
  <Project Name="RosOnAStick" Path="E:\PSoC\RosOnAStick\RosOnAStick.cydsn" Version="4.10" Type="Bootloadable">
    <CMSIS_SVD_File>RosOnAStick.svd</CMSIS_SVD_File>
    <Datasheet />
    <LinkerFiles>
      <LinkerFile Toolchain="ARM GCC Generic">.\Generated_Source\PSoC4\cm0gcc.ld</LinkerFile>
      <LinkerFile Toolchain="ARM MDK Generic">.\Generated_Source\PSoC4\Cm0RealView.scat</LinkerFile>
      <LinkerFile Toolchain="ARM IAR Generic">.\Generated_Source\PSoC4\Cm0Iar.icf</LinkerFile>
    </LinkerFiles>
    <Folders>
      <Folder BuildType="BUILD" Path="E:\PSoC\RosOnAStick\RosOnAStick.cydsn\ros_lib\examples\ADC">
        <Files Root="E:\PSoC\RosOnAStick\RosOnAStick.cydsn">
          <File BuildType="BUILD" Toolchain="">.\ros_lib\examples\ADC\ADC_psoc4.h</File>
        </Files>
      </Folder>
      <Folder BuildType="BUILD" Path="E:\PSoC\RosOnAStick\RosOnAStick.cydsn\ros_lib\examples\Blink">
        <Files Root="E:\PSoC\RosOnAStick\RosOnAStick.cydsn">
          <File BuildType="BUILD" Toolchain="">.\ros_lib\examples\Blink\Blink.h</File>
        </Files>
      </Folder>
      <Folder BuildType="BUILD" Path="E:\PSoC\RosOnAStick\RosOnAStick.cydsn\ros_lib\examples\button_example">
        <Files Root="E:\PSoC\RosOnAStick\RosOnAStick.cydsn">
          <File BuildType="BUILD" Toolchain="">.\ros_lib\examples\button_example\button_example.h</File>
        </Files>
      </Folder>
      <Folder BuildType="BUILD" Path="E:\PSoC\RosOnAStick\RosOnAStick.cydsn\ros_lib\examples\capsense_button">
        <Files Root="E:\PSoC\RosOnAStick\RosOnAStick.cydsn">
          <File BuildType="BUILD" Toolchain="">.\ros_lib\examples\capsense_button\capsense_button.h</File>
        </Files>
      </Folder>
      <Folder BuildType="BUILD" Path="E:\PSoC\RosOnAStick\RosOnAStick.cydsn\ros_lib\examples\Encoder">
        <Files Root="E:\PSoC\RosOnAStick\RosOnAStick.cydsn">
          <File BuildType="BUILD" Toolchain="">.\ros_lib\examples\Encoder\Encoder.h</File>
        </Files>
      </Folder>
      <Folder BuildType="BUILD" Path="E:\PSoC\RosOnAStick\RosOnAStick.cydsn\ros_lib\examples\HelloWorld">
        <Files Root="E:\PSoC\RosOnAStick\RosOnAStick.cydsn">
          <File BuildType="BUILD" Toolchain="">.\ros_lib\examples\HelloWorld\HelloWorld.h</File>
        </Files>
      </Folder>
      <Folder BuildType="BUILD" Path="E:\PSoC\RosOnAStick\RosOnAStick.cydsn\ros_lib\examples\ServoControl">
        <Files Root="E:\PSoC\RosOnAStick\RosOnAStick.cydsn">
          <File BuildType="BUILD" Toolchain="">.\ros_lib\examples\ServoControl\ServoControl.h</File>
        </Files>
      </Folder>
      <Folder BuildType="BUILD" Path="E:\PSoC\RosOnAStick\RosOnAStick.cydsn\ros_lib\examples\StepperControl">
        <Files Root="E:\PSoC\RosOnAStick\RosOnAStick.cydsn">
          <File BuildType="BUILD" Toolchain="">.\ros_lib\examples\StepperControl\StepperControl.h</File>
        </Files>
      </Folder>
      <Folder BuildType="BUILD" Path="E:\PSoC\RosOnAStick\RosOnAStick.cydsn\ros_lib\examples\UpDownCount">
        <Files Root="E:\PSoC\RosOnAStick\RosOnAStick.cydsn">
          <File BuildType="BUILD" Toolchain="">.\ros_lib\examples\UpDownCount\UpDownCount.h</File>
        </Files>
      </Folder>
      <Folder BuildType="BUILD" Path="E:\PSoC\RosOnAStick\RosOnAStick.cydsn\ros_lib\examples">
        <Files Root="E:\PSoC\RosOnAStick\RosOnAStick.cydsn">
          <File BuildType="BUILD" Toolchain="">.\ros_lib\examples\examples.h</File>
        </Files>
      </Folder>
      <Folder BuildType="BUILD" Path="E:\PSoC\RosOnAStick\RosOnAStick.cydsn\ros_lib\examples\I2C">
        <Files Root="E:\PSoC\RosOnAStick\RosOnAStick.cydsn">
          <File BuildType="BUILD" Toolchain="">.\ros_lib\examples\I2C\I2C_device.h</File>
        </Files>
      </Folder>
      <Folder BuildType="STRICT" Path="E:\PSoC\RosOnAStick\RosOnAStick.cydsn\Generated_Source\PSoC4">
        <Files Root="E:\PSoC\RosOnAStick\RosOnAStick.cydsn">
          <File BuildType="BUILD" Toolchain="">.\Generated_Source\PSoC4\cyfitter_cfg.h</File>
          <File BuildType="BUILD" Toolchain="">.\Generated_Source\PSoC4\cyfitter_cfg.c</File>
          <File BuildType="BUILD" Toolchain="">.\Generated_Source\PSoC4\cybootloader.icf</File>
          <File BuildType="BUILD" Toolchain="">.\Generated_Source\PSoC4\cybootloader.c</File>
          <File BuildType="BUILD" Toolchain="">.\Generated_Source\PSoC4\cymetadata.c</File>
          <File BuildType="BUILD" Toolchain="">.\Generated_Source\PSoC4\cydevice_trm.h</File>
          <File BuildType="BUILD" Toolchain="">.\Generated_Source\PSoC4\cydevicegnu_trm.inc</File>
          <File BuildType="BUILD" Toolchain="">.\Generated_Source\PSoC4\cydevicerv_trm.inc</File>
          <File BuildType="BUILD" Toolchain="">.\Generated_Source\PSoC4\cydeviceiar_trm.inc</File>
          <File BuildType="BUILD" Toolchain="">.\Generated_Source\PSoC4\cyfittergnu.inc</File>
          <File BuildType="BUILD" Toolchain="">.\Generated_Source\PSoC4\cyfitterrv.inc</File>
          <File BuildType="BUILD" Toolchain="">.\Generated_Source\PSoC4\cyfitteriar.inc</File>
          <File BuildType="BUILD" Toolchain="">.\Generated_Source\PSoC4\cyfitter.h</File>
          <File BuildType="BUILD" Toolchain="">.\Generated_Source\PSoC4\cydisabledsheets.h</File>
          <File BuildType="BUILD" Toolchain="">.\Generated_Source\PSoC4\Bootloadable.c</File>
          <File BuildType="BUILD" Toolchain="">.\Generated_Source\PSoC4\Bootloadable.h</File>
          <File BuildType="BUILD" Toolchain="">.\Generated_Source\PSoC4\ROSSerial_UART_Clock.c</File>
          <File BuildType="BUILD" Toolchain="">.\Generated_Source\PSoC4\ROSSerial_UART_Clock.h</File>
          <File BuildType="BUILD" Toolchain="">.\Generated_Source\PSoC4\ROSSerial_UART.c</File>
          <File BuildType="BUILD" Toolchain="">.\Generated_Source\PSoC4\ROSSerial_UART.h</File>
          <File BuildType="BUILD" Toolchain="">.\Generated_Source\PSoC4\ROSSerial_UART_SPI_UART.h</File>
          <File BuildType="BUILD" Toolchain="">.\Generated_Source\PSoC4\ROSSerial_UART_SPI_UART.c</File>
          <File BuildType="BUILD" Toolchain="">.\Generated_Source\PSoC4\ROSSerial_UART_SPI_UART_INT.c</File>
          <File BuildType="BUILD" Toolchain="">.\Generated_Source\PSoC4\ROSSerial_UART_PM.c</File>
          <File BuildType="BUILD" Toolchain="">.\Generated_Source\PSoC4\ROSSerial_UART_UART.c</File>
          <File BuildType="BUILD" Toolchain="">.\Generated_Source\PSoC4\ROSSerial_UART_BOOT.c</File>
          <File BuildType="BUILD" Toolchain="">.\Generated_Source\PSoC4\ROSSerial_UART_UART_BOOT.c</File>
          <File BuildType="BUILD" Toolchain="">.\Generated_Source\PSoC4\ROSSerial_UART_PINS.h</File>
          <File BuildType="BUILD" Toolchain="">.\Generated_Source\PSoC4\ROSSerial_UART_SPI_UART_PVT.h</File>
          <File BuildType="BUILD" Toolchain="">.\Generated_Source\PSoC4\ROSSerial_UART_PVT.h</File>
          <File BuildType="BUILD" Toolchain="">.\Generated_Source\PSoC4\P1_6.c</File>
          <File BuildType="BUILD" Toolchain="">.\Generated_Source\PSoC4\P1_6.h</File>
          <File BuildType="BUILD" Toolchain="">.\Generated_Source\PSoC4\P1_6_aliases.h</File>
          <File BuildType="BUILD" Toolchain="">.\Generated_Source\PSoC4\I2CMaster.c</File>
          <File BuildType="BUILD" Toolchain="">.\Generated_Source\PSoC4\I2CMaster.h</File>
          <File BuildType="BUILD" Toolchain="">.\Generated_Source\PSoC4\I2CMaster_I2C.h</File>
          <File BuildType="BUILD" Toolchain="">.\Generated_Source\PSoC4\I2CMaster_I2C_INT.c</File>
          <File BuildType="BUILD" Toolchain="">.\Generated_Source\PSoC4\I2CMaster_I2C.c</File>
          <File BuildType="BUILD" Toolchain="">.\Generated_Source\PSoC4\I2CMaster_I2C_BOOT.c</File>
          <File BuildType="BUILD" Toolchain="">.\Generated_Source\PSoC4\I2CMaster_PM.c</File>
          <File BuildType="BUILD" Toolchain="">.\Generated_Source\PSoC4\I2CMaster_BOOT.c</File>
          <File BuildType="BUILD" Toolchain="">.\Generated_Source\PSoC4\I2CMaster_PINS.h</File>
          <File BuildType="BUILD" Toolchain="">.\Generated_Source\PSoC4\I2CMaster_I2C_PVT.h</File>
          <File BuildType="BUILD" Toolchain="">.\Generated_Source\PSoC4\I2CMaster_PVT.h</File>
          <File BuildType="BUILD" Toolchain="">.\Generated_Source\PSoC4\I2CMaster_BOOT.h</File>
          <File BuildType="BUILD" Toolchain="">.\Generated_Source\PSoC4\I2CMaster_I2C_MASTER.c</File>
          <File BuildType="BUILD" Toolchain="">.\Generated_Source\PSoC4\ADC_SAR_SEQ.c</File>
          <File BuildType="BUILD" Toolchain="">.\Generated_Source\PSoC4\ADC_SAR_SEQ.h</File>
          <File BuildType="BUILD" Toolchain="">.\Generated_Source\PSoC4\ADC_SAR_SEQ_PM.c</File>
          <File BuildType="BUILD" Toolchain="">.\Generated_Source\PSoC4\ADC_SAR_SEQ_INT.c</File>
          <File BuildType="BUILD" Toolchain="">.\Generated_Source\PSoC4\PWM_1.c</File>
          <File BuildType="BUILD" Toolchain="">.\Generated_Source\PSoC4\PWM_1.h</File>
          <File BuildType="BUILD" Toolchain="">.\Generated_Source\PSoC4\PWM_1_PM.c</File>
          <File BuildType="BUILD" Toolchain="">.\Generated_Source\PSoC4\QuadDec_1.c</File>
          <File BuildType="BUILD" Toolchain="">.\Generated_Source\PSoC4\QuadDec_1.h</File>
          <File BuildType="BUILD" Toolchain="">.\Generated_Source\PSoC4\QuadDec_1_PM.c</File>
          <File BuildType="BUILD" Toolchain="">.\Generated_Source\PSoC4\PWM_Pin.c</File>
          <File BuildType="BUILD" Toolchain="">.\Generated_Source\PSoC4\PWM_Pin.h</File>
          <File BuildType="BUILD" Toolchain="">.\Generated_Source\PSoC4\PWM_Pin_aliases.h</File>
          <File BuildType="BUILD" Toolchain="">.\Generated_Source\PSoC4\Quad_In_A.c</File>
          <File BuildType="BUILD" Toolchain="">.\Generated_Source\PSoC4\Quad_In_A.h</File>
          <File BuildType="BUILD" Toolchain="">.\Generated_Source\PSoC4\Quad_In_A_aliases.h</File>
          <File BuildType="BUILD" Toolchain="">.\Generated_Source\PSoC4\Quad_In_B.c</File>
          <File BuildType="BUILD" Toolchain="">.\Generated_Source\PSoC4\Quad_In_B.h</File>
          <File BuildType="BUILD" Toolchain="">.\Generated_Source\PSoC4\Quad_In_B_aliases.h</File>
          <File BuildType="BUILD" Toolchain="">.\Generated_Source\PSoC4\Quad_Clock.c</File>
          <File BuildType="BUILD" Toolchain="">.\Generated_Source\PSoC4\Quad_Clock.h</File>
          <File BuildType="BUILD" Toolchain="">.\Generated_Source\PSoC4\PWM_Clock.c</File>
          <File BuildType="BUILD" Toolchain="">.\Generated_Source\PSoC4\PWM_Clock.h</File>
          <File BuildType="BUILD" Toolchain="">.\Generated_Source\PSoC4\Analog_In_aliases.h</File>
          <File BuildType="BUILD" Toolchain="">.\Generated_Source\PSoC4\Step_A_N.c</File>
          <File BuildType="BUILD" Toolchain="">.\Generated_Source\PSoC4\Step_A_N.h</File>
          <File BuildType="BUILD" Toolchain="">.\Generated_Source\PSoC4\Step_A_N_aliases.h</File>
          <File BuildType="BUILD" Toolchain="">.\Generated_Source\PSoC4\Step_A_P.c</File>
          <File BuildType="BUILD" Toolchain="">.\Generated_Source\PSoC4\Step_A_P.h</File>
          <File BuildType="BUILD" Toolchain="">.\Generated_Source\PSoC4\Step_A_P_aliases.h</File>
          <File BuildType="BUILD" Toolchain="">.\Generated_Source\PSoC4\Step_B_N.c</File>
          <File BuildType="BUILD" Toolchain="">.\Generated_Source\PSoC4\Step_B_N.h</File>
          <File BuildType="BUILD" Toolchain="">.\Generated_Source\PSoC4\Step_B_N_aliases.h</File>
          <File BuildType="BUILD" Toolchain="">.\Generated_Source\PSoC4\CapSense.c</File>
          <File BuildType="BUILD" Toolchain="">.\Generated_Source\PSoC4\CapSense.h</File>
          <File BuildType="BUILD" Toolchain="">.\Generated_Source\PSoC4\CapSense_PM.c</File>
          <File BuildType="BUILD" Toolchain="">.\Generated_Source\PSoC4\CapSense_CSHL.c</File>
          <File BuildType="BUILD" Toolchain="">.\Generated_Source\PSoC4\CapSense_CSHL.h</File>
          <File BuildType="BUILD" Toolchain="">.\Generated_Source\PSoC4\CapSense_INT.c</File>
          <File BuildType="BUILD" Toolchain="">.\Generated_Source\PSoC4\CapSense_TunerHelper.c</File>
          <File BuildType="BUILD" Toolchain="">.\Generated_Source\PSoC4\CapSense_TunerHelper.h</File>
          <File BuildType="BUILD" Toolchain="">.\Generated_Source\PSoC4\CapSense_SMS.c</File>
          <File BuildType="BUILD" Toolchain="">.\Generated_Source\PSoC4\CapSense_SMS.h</File>
          <File BuildType="BUILD" Toolchain="">.\Generated_Source\PSoC4\CapSense_PVT.h</File>
          <File BuildType="BUILD" Toolchain="">.\Generated_Source\PSoC4\CapSense_IP.h</File>
          <File BuildType="BUILD" Toolchain="">.\Generated_Source\PSoC4\Stepper_Control.c</File>
          <File BuildType="BUILD" Toolchain="">.\Generated_Source\PSoC4\Stepper_Control.h</File>
          <File BuildType="BUILD" Toolchain="">.\Generated_Source\PSoC4\Step_B_P.c</File>
          <File BuildType="BUILD" Toolchain="">.\Generated_Source\PSoC4\Step_B_P.h</File>
          <File BuildType="BUILD" Toolchain="">.\Generated_Source\PSoC4\Step_B_P_aliases.h</File>
          <File BuildType="BUILD" Toolchain="">.\Generated_Source\PSoC4\UpDown.c</File>
          <File BuildType="BUILD" Toolchain="">.\Generated_Source\PSoC4\UpDown.h</File>
          <File BuildType="BUILD" Toolchain="">.\Generated_Source\PSoC4\UpDown_PM.c</File>
          <File BuildType="BUILD" Toolchain="">.\Generated_Source\PSoC4\UD_Ref.c</File>
          <File BuildType="BUILD" Toolchain="">.\Generated_Source\PSoC4\UD_Ref.h</File>
          <File BuildType="BUILD" Toolchain="">.\Generated_Source\PSoC4\UD_Ref_aliases.h</File>
          <File BuildType="BUILD" Toolchain="">.\Generated_Source\PSoC4\UD_Signal.c</File>
          <File BuildType="BUILD" Toolchain="">.\Generated_Source\PSoC4\UD_Signal.h</File>
          <File BuildType="BUILD" Toolchain="">.\Generated_Source\PSoC4\UD_Signal_aliases.h</File>
          <File BuildType="BUILD" Toolchain="">.\Generated_Source\PSoC4\Transimpedance.c</File>
          <File BuildType="BUILD" Toolchain="">.\Generated_Source\PSoC4\Transimpedance.h</File>
          <File BuildType="BUILD" Toolchain="">.\Generated_Source\PSoC4\Transimpedance_PM.c</File>
          <File BuildType="BUILD" Toolchain="">.\Generated_Source\PSoC4\Sum_node.c</File>
          <File BuildType="BUILD" Toolchain="">.\Generated_Source\PSoC4\Sum_node.h</File>
          <File BuildType="BUILD" Toolchain="">.\Generated_Source\PSoC4\Sum_node_aliases.h</File>
          <File BuildType="BUILD" Toolchain="">.\Generated_Source\PSoC4\Feedback.c</File>
          <File BuildType="BUILD" Toolchain="">.\Generated_Source\PSoC4\Feedback.h</File>
          <File BuildType="BUILD" Toolchain="">.\Generated_Source\PSoC4\Feedback_aliases.h</File>
          <File BuildType="BUILD" Toolchain="">.\Generated_Source\PSoC4\Agnd.c</File>
          <File BuildType="BUILD" Toolchain="">.\Generated_Source\PSoC4\Agnd.h</File>
          <File BuildType="BUILD" Toolchain="">.\Generated_Source\PSoC4\Agnd_aliases.h</File>
          <File BuildType="BUILD" Toolchain="">.\Generated_Source\PSoC4\Button_in.c</File>
          <File BuildType="BUILD" Toolchain="">.\Generated_Source\PSoC4\Button_in.h</File>
          <File BuildType="BUILD" Toolchain="">.\Generated_Source\PSoC4\Button_in_aliases.h</File>
          <File BuildType="BUILD" Toolchain="">.\Generated_Source\PSoC4\Button_in_PM.c</File>
          <File BuildType="BUILD" Toolchain="">.\Generated_Source\PSoC4\ROSSerial_UART_tx.c</File>
          <File BuildType="BUILD" Toolchain="">.\Generated_Source\PSoC4\ROSSerial_UART_tx.h</File>
          <File BuildType="BUILD" Toolchain="">.\Generated_Source\PSoC4\ROSSerial_UART_tx_aliases.h</File>
          <File BuildType="BUILD" Toolchain="">.\Generated_Source\PSoC4\ROSSerial_UART_rx.c</File>
          <File BuildType="BUILD" Toolchain="">.\Generated_Source\PSoC4\ROSSerial_UART_rx.h</File>
          <File BuildType="BUILD" Toolchain="">.\Generated_Source\PSoC4\ROSSerial_UART_rx_aliases.h</File>
          <File BuildType="BUILD" Toolchain="">.\Generated_Source\PSoC4\I2CMaster_SCBCLK.c</File>
          <File BuildType="BUILD" Toolchain="">.\Generated_Source\PSoC4\I2CMaster_SCBCLK.h</File>
          <File BuildType="BUILD" Toolchain="">.\Generated_Source\PSoC4\I2CMaster_sda.c</File>
          <File BuildType="BUILD" Toolchain="">.\Generated_Source\PSoC4\I2CMaster_sda.h</File>
          <File BuildType="BUILD" Toolchain="">.\Generated_Source\PSoC4\I2CMaster_sda_aliases.h</File>
          <File BuildType="BUILD" Toolchain="">.\Generated_Source\PSoC4\I2CMaster_sda_PM.c</File>
          <File BuildType="BUILD" Toolchain="">.\Generated_Source\PSoC4\I2CMaster_scl.c</File>
          <File BuildType="BUILD" Toolchain="">.\Generated_Source\PSoC4\I2CMaster_scl.h</File>
          <File BuildType="BUILD" Toolchain="">.\Generated_Source\PSoC4\I2CMaster_scl_aliases.h</File>
          <File BuildType="BUILD" Toolchain="">.\Generated_Source\PSoC4\I2CMaster_scl_PM.c</File>
          <File BuildType="BUILD" Toolchain="">.\Generated_Source\PSoC4\I2CMaster_SCB_IRQ.c</File>
          <File BuildType="BUILD" Toolchain="">.\Generated_Source\PSoC4\I2CMaster_SCB_IRQ.h</File>
          <File BuildType="BUILD" Toolchain="">.\Generated_Source\PSoC4\ADC_SAR_SEQ_intClock.c</File>
          <File BuildType="BUILD" Toolchain="">.\Generated_Source\PSoC4\ADC_SAR_SEQ_intClock.h</File>
          <File BuildType="BUILD" Toolchain="">.\Generated_Source\PSoC4\ADC_SAR_SEQ_IRQ.c</File>
          <File BuildType="BUILD" Toolchain="">.\Generated_Source\PSoC4\ADC_SAR_SEQ_IRQ.h</File>
          <File BuildType="BUILD" Toolchain="">.\Generated_Source\PSoC4\CapSense_SampleClk.c</File>
          <File BuildType="BUILD" Toolchain="">.\Generated_Source\PSoC4\CapSense_SampleClk.h</File>
          <File BuildType="BUILD" Toolchain="">.\Generated_Source\PSoC4\CapSense_Sns.c</File>
          <File BuildType="BUILD" Toolchain="">.\Generated_Source\PSoC4\CapSense_Sns.h</File>
          <File BuildType="BUILD" Toolchain="">.\Generated_Source\PSoC4\CapSense_Sns_aliases.h</File>
          <File BuildType="BUILD" Toolchain="">.\Generated_Source\PSoC4\CapSense_SenseClk.c</File>
          <File BuildType="BUILD" Toolchain="">.\Generated_Source\PSoC4\CapSense_SenseClk.h</File>
          <File BuildType="BUILD" Toolchain="">.\Generated_Source\PSoC4\cycodeshareimport.ld</File>
          <File BuildType="BUILD" Toolchain="">.\Generated_Source\PSoC4\cycodeshareexport.ld</File>
          <File BuildType="BUILD" Toolchain="">.\Generated_Source\PSoC4\cycodeshareimport.scat</File>
          <File BuildType="BUILD" Toolchain="">.\Generated_Source\PSoC4\cm0gcc.ld</File>
          <File BuildType="BUILD" Toolchain="">.\Generated_Source\PSoC4\Cm0RealView.scat</File>
          <File BuildType="BUILD" Toolchain="">.\Generated_Source\PSoC4\Cm0Start.c</File>
          <File BuildType="BUILD" Toolchain="">.\Generated_Source\PSoC4\core_cm0_psoc4.h</File>
          <File BuildType="BUILD" Toolchain="">.\Generated_Source\PSoC4\core_cm0.h</File>
          <File BuildType="BUILD" Toolchain="ARM GCC Generic">.\Generated_Source\PSoC4\CyBootAsmGnu.s</File>
          <File BuildType="BUILD" Toolchain="ARM MDK Generic">.\Generated_Source\PSoC4\CyBootAsmRv.s</File>
          <File BuildType="BUILD" Toolchain="">.\Generated_Source\PSoC4\CyFlash.c</File>
          <File BuildType="BUILD" Toolchain="">.\Generated_Source\PSoC4\CyFlash.h</File>
          <File BuildType="BUILD" Toolchain="">.\Generated_Source\PSoC4\CyLib.c</File>
          <File BuildType="BUILD" Toolchain="">.\Generated_Source\PSoC4\CyLib.h</File>
          <File BuildType="BUILD" Toolchain="">.\Generated_Source\PSoC4\cyPm.c</File>
          <File BuildType="BUILD" Toolchain="">.\Generated_Source\PSoC4\cyPm.h</File>
          <File BuildType="BUILD" Toolchain="">.\Generated_Source\PSoC4\cytypes.h</File>
          <File BuildType="BUILD" Toolchain="">.\Generated_Source\PSoC4\cyutils.c</File>
          <File BuildType="BUILD" Toolchain="">.\Generated_Source\PSoC4\cypins.h</File>
          <File BuildType="BUILD" Toolchain="">.\Generated_Source\PSoC4\core_cmFunc.h</File>
          <File BuildType="BUILD" Toolchain="">.\Generated_Source\PSoC4\core_cmInstr.h</File>
          <File BuildType="BUILD" Toolchain="">.\Generated_Source\PSoC4\Cm0Iar.icf</File>
          <File BuildType="BUILD" Toolchain="ARM IAR Generic">.\Generated_Source\PSoC4\CyBootAsmIar.s</File>
          <File BuildType="BUILD" Toolchain="">.\Generated_Source\PSoC4\project.h</File>
        </Files>
      </Folder>
      <Folder BuildType="STRICT" Path="E:\PSoC\RosOnAStick\RosOnAStick.cydsn\Export\ARM_GCC_Generic">
        <Files Root="E:\PSoC\RosOnAStick\RosOnAStick.cydsn">
          <File BuildType="BUILD" Toolchain="ARM GCC Generic">.\Export\ARM_GCC_Generic\CyComponentLibrary.a</File>
        </Files>
      </Folder>
      <Folder BuildType="STRICT" Path="E:\PSoC\RosOnAStick\RosOnAStick.cydsn\Export\ARM_MDK_Generic">
        <Files Root="E:\PSoC\RosOnAStick\RosOnAStick.cydsn">
          <File BuildType="BUILD" Toolchain="ARM MDK Generic">.\Export\ARM_MDK_Generic\CyComponentLibrary.a</File>
        </Files>
      </Folder>
      <Folder BuildType="STRICT" Path="E:\PSoC\RosOnAStick\RosOnAStick.cydsn\Export\ARM_IAR_Generic">
        <Files Root="E:\PSoC\RosOnAStick\RosOnAStick.cydsn">
          <File BuildType="BUILD" Toolchain="ARM IAR Generic">.\Export\ARM_IAR_Generic\CyComponentLibrary.a</File>
        </Files>
      </Folder>
      <Folder BuildType="EXCLUDE" Path=".\codegentemp">
        <Files Root="E:\PSoC\RosOnAStick\RosOnAStick.cydsn" />
      </Folder>
      <Folder BuildType="EXCLUDE" Path=".\ARM_GCC_441">
        <Files Root="E:\PSoC\RosOnAStick\RosOnAStick.cydsn" />
      </Folder>
      <Folder BuildType="EXCLUDE" Path=".\ARM_GCC_473">
        <Files Root="E:\PSoC\RosOnAStick\RosOnAStick.cydsn" />
      </Folder>
      <Folder BuildType="EXCLUDE" Path=".\DP8051_Keil_952">
        <Files Root="E:\PSoC\RosOnAStick\RosOnAStick.cydsn" />
      </Folder>
      <Folder BuildType="EXCLUDE" Path=".\DP8051">
        <Files Root="E:\PSoC\RosOnAStick\RosOnAStick.cydsn" />
      </Folder>
      <Folder BuildType="EXCLUDE" Path=".\CortexM0">
        <Files Root="E:\PSoC\RosOnAStick\RosOnAStick.cydsn" />
      </Folder>
      <Folder BuildType="EXCLUDE" Path=".\CortexM0p">
        <Files Root="E:\PSoC\RosOnAStick\RosOnAStick.cydsn" />
      </Folder>
      <Folder BuildType="EXCLUDE" Path=".\CortexM3">
        <Files Root="E:\PSoC\RosOnAStick\RosOnAStick.cydsn" />
      </Folder>
      <Folder BuildType="EXCLUDE" Path=".\CortexM4">
        <Files Root="E:\PSoC\RosOnAStick\RosOnAStick.cydsn" />
      </Folder>
      <Folder BuildType="EXCLUDE" Path=".\CortexM7">
        <Files Root="E:\PSoC\RosOnAStick\RosOnAStick.cydsn" />
      </Folder>
      <Folder BuildType="EXCLUDE" Path=".\Generated_Source\PSoC3">
        <Files Root="E:\PSoC\RosOnAStick\RosOnAStick.cydsn" />
      </Folder>
      <Folder BuildType="EXCLUDE" Path=".\Generated_Source\PSoC5">
        <Files Root="E:\PSoC\RosOnAStick\RosOnAStick.cydsn" />
      </Folder>
    </Folders>
  </Project>
</PSoCCreatorIdeExport>